url,n_tokens_title,n_tokens_content,n_unique_tokens,timedelta,n_non_stop_words,n_non_stop_unique_tokens,num_hrefs,num_self_hrefs,num_imgs,num_videos,average_token_length,num_keywords,kw_min_min,kw_max_min,kw_avg_min,kw_min_max,kw_max_max,kw_avg_max,kw_min_avg,kw_max_avg,kw_avg_avg,self_reference_min_shares,self_reference_max_shares,self_reference_avg_sharess,LDA_00,LDA_01,LDA_02,LDA_03,LDA_04,global_subjectivity,global_sentiment_polarity,global_rate_positive_words,global_rate_negative_words,rate_positive_words,rate_negative_words,avg_positive_polarity,min_positive_polarity,max_positive_polarity,avg_negative_polarity,min_negative_polarity,max_negative_polarity,title_subjectivity,title_sentiment_polarity,abs_title_subjectivity,abs_title_sentiment_polarity,shares
http://mashable.com/2013/03/03/petition-climate-action/,8,614,0.537704917,676,0.999999997,0.75792507,10,2,1,0,4.638436482,1,217,217,217,617900,617900,617900,3141.640496,3141.640496,3141.640496,3100,3100,3100,0.2,0.2,0.2,0.2,0.2,0.433275463,0.118435847,0.034201954,0.017915309,0.65625,0.34375,0.434126984,0.05,0.8,-0.221067821,-0.6,-0.071428571,0.55,0.05,0.05,0.05,1700
http://mashable.com/2013/03/04/fix-climate-change/,8,357,0.576704544,675,0.999999995,0.798941795,3,2,0,1,4.565826331,7,217,1400,617.2857143,416,617900,110730.8571,416,3650,2387.133952,0,0,0,0.028872147,0.028863453,0.755553129,0.158013634,0.028697637,0.334778912,0.144155844,0.039215686,0.014005602,0.736842105,0.263157895,0.370454545,0.1,1,-0.13,-0.25,-0.05,0.5,0.7,0,0.7,1700
http://mashable.com/2013/04/05/climate-change-flood-american-cities/,11,461,0.523917994,643,0.999999996,0.717647056,9,4,1,0,4.301518438,5,4,416,255,0,617900,257240,0,3554.582437,1984.834121,1700,1700,1700,0.040000243,0.040000184,0.839990495,0.04000018,0.040008897,0.350051653,0.024845041,0.017353579,0.006507592,0.727272727,0.272727273,0.221136364,0.1,0.7,-0.320833333,-0.4,-0.25,0,0,0.5,0,14300
http://mashable.com/2013/07/03/8-new-cities-climate-change-gifs/,9,483,0.494669509,554,0.999999997,0.604575161,12,0,1,0,4.745341615,10,4,3100,706.5,0,690400,94150,0,4733.072368,2633.316455,0,0,0,0.460513165,0.020034367,0.300943319,0.020070255,0.198438894,0.348761209,0.098593074,0.066252588,0.031055901,0.680851064,0.319148936,0.245714962,0.033333333,1,-0.176111111,-0.4,-0.1,0,0,0.5,0,988
http://mashable.com/2013/08/01/google-climate-change/,10,147,0.668965513,525,0.999999988,0.802325572,6,5,1,0,4.707482993,5,4,1200,341.6,26800,843300,479060,2868.411043,8314.285714,4404.773199,1200,13800,5380,0.839999264,0.040000438,0.04000011,0.040000106,0.040000082,0.620833333,0.266666667,0.047619048,0,1,0,0.319047619,0.033333333,0.5,0,0,0,0.454545455,0.136363636,0.045454545,0.136363636,1600
http://mashable.com/2013/09/25/climate-change-increases-thunderstorms/,11,91,0.747126428,470,0.999999983,0.816666653,5,1,1,0,5.252747253,5,4,633,227.8,11500,843300,456060,1786.075134,4164.626016,3002.1494,3200,3200,3200,0.839857169,0.04000022,0.040028485,0.040001554,0.040112573,0.61,0.18,0.032967033,0.010989011,0.75,0.25,0.433333333,0.1,0.7,-0.4,-0.4,-0.4,0.25,0.25,0.25,0.25,2100
http://mashable.com/2013/10/23/climate-change-effects/,12,432,0.546318288,442,0.999999996,0.714285711,10,2,7,1,4.189814815,6,4,783,255.6666667,10700,843300,566800,2719,6240.408257,4287.006744,1500,6000,3750,0.033333565,0.033347152,0.033333447,0.866618912,0.033366924,0.620465209,0.164723332,0.048611111,0.018518519,0.724137931,0.275862069,0.404112554,0.1,1,-0.308880876,-0.4,-0.155555556,0.6,0.666666667,0.1,0.666666667,896
http://mashable.com/2013/11/20/climate-control-tech/,14,258,0.614173226,414,0.999999993,0.738562087,7,6,0,1,4.42248062,5,4,277,124,1800,843300,300760,1107.5,3398.46563,2327.527025,1400,2300,1850,0.040004088,0.380935433,0.49824041,0.04082004,0.040000029,0.490873016,0.264172336,0.050387597,0.011627907,0.8125,0.1875,0.554945055,0.214285714,0.9,-0.555555556,-1,-0.166666667,0.35,0.507142857,0.15,0.507142857,5100
http://mashable.com/2014/01/11/super-earth-planets-may-have-watery-earthlike-climates/,10,742,0.447476125,362,0.999999998,0.630170315,9,3,1,4,4.289757412,10,-1,591,253,16100,843300,198270,2700.489039,5811.928571,3795.236276,6200,15000,10600,0.379756571,0.020029189,0.257552642,0.020170329,0.322491268,0.540670498,0.094007315,0.043126685,0.022911051,0.653061224,0.346938776,0.453409091,0.136363636,1,-0.312745098,-0.6,-0.1,0.4,-0.2,0.1,0.2,2500
http://mashable.com/2014/01/22/noaa-nasa-climate-reports/,7,519,0.515873015,351,0.999999997,0.699999998,4,1,1,0,4.210019268,8,-1,9100,1326.25,1100,843300,232500,1100,9100,3542.890191,5900,5900,5900,0.025004881,0.025004043,0.493751666,0.025005301,0.431234109,0.348625541,-0.007694805,0.032755299,0.048169557,0.404761905,0.595238095,0.36407563,0.1,0.5,-0.2645,-0.6,-0.1,0.5,0,0,0,6300
http://mashable.com/2014/01/24/climate-change-al-gore-bill-gates-davos/,10,318,0.698996653,349,0.999999996,0.764192136,22,2,18,1,5.125786164,8,-1,707,167.5128571,0,843300,463887.5,0,5983.065116,3922.164616,6000,23700,14850,0.025030552,0.02513071,0.025003793,0.653163296,0.27167165,0.578333333,0.091111111,0.01572327,0.009433962,0.625,0.375,0.42,0.1,0.8,-0.244444444,-0.333333333,-0.2,1,0.25,0.5,0.25,26300
http://mashable.com/2014/01/31/nasa-shows-60-years-of-climate-change-in-15-seconds/,10,290,0.634482756,342,0.999999995,0.770053472,12,4,6,1,4.934482759,8,-1,633,197.25,9700,843300,304900,1899.75,8915.641509,3989.833002,2200,2200,2200,0.153357757,0.245990814,0.025000942,0.550642929,0.025007558,0.406219336,0.036927309,0.027586207,0.027586207,0.5,0.5,0.412878788,0.136363636,0.5,-0.278893849,-1,-0.071428571,0,0,0.5,0,956
http://mashable.com/2014/02/23/climate-science-tools/,10,649,0.462962962,319,0.999999997,0.632812498,7,3,1,0,5.141756549,6,-1,522,226.4316667,3600,843300,270750,1107.526316,3574.738773,2346.759473,1600,2800,2000,0.583267248,0.150057518,0.199931075,0.033410068,0.03333409,0.387090446,0.11138215,0.040061633,0.010785824,0.787878788,0.212121212,0.3221337,0.1,0.8,-0.181746032,-0.25,-0.125,0,0,0.5,0,1700
http://mashable.com/2014/02/27/new-climate-satellite-launches/,11,353,0.551724136,315,0.999999996,0.661224487,16,3,11,0,6,10,-1,1200,293.4,1200,843300,259410,1200,4341.083984,3080.768626,1100,18800,7766.666667,0.020016735,0.71204249,0.020000496,0.227935134,0.020005145,0.459155042,0.239462081,0.067988669,0.002832861,0.96,0.04,0.279811508,0.033333333,1,-0.25,-0.25,-0.25,0.416666667,0.193181818,0.083333333,0.193181818,1500
http://mashable.com/2014/02/28/apple-ceo-tim-cook-climate-change/,12,575,0.512237761,314,0.999999997,0.697885194,6,4,2,0,4.351304348,7,-1,810,236.7142857,13900,843300,205185.7143,2277.072727,5013.695652,3511.976968,1700,27200,14450,0.885129156,0.028575282,0.02859446,0.028719742,0.02898136,0.44054075,0.010427189,0.029565217,0.027826087,0.515151515,0.484848485,0.353885918,0.033333333,1,-0.298784722,-0.7,-0.125,0,0,0.5,0,1000
http://mashable.com/2014/03/04/obama-budget-climate-change/,13,1066,0.423529411,310,0.999999998,0.572357723,10,5,10,0,4.228893058,8,-1,798,181.75,37400,843300,232612.5,3212.803691,5724.521739,3861.901844,1300,21900,8550,0.02500031,0.899392142,0.025000118,0.025607147,0.025000283,0.539363219,0.254982019,0.039399625,0.012195122,0.763636364,0.236363636,0.488321995,0.033333333,1,-0.317139805,-0.5,-0.071428571,0,0,0.5,0,2000
http://mashable.com/2014/03/07/glaciovolcanoes-climate-model/,10,246,0.636363634,307,0.999999993,0.823529406,9,5,0,1,4.365853659,6,-1,519,164.765,3100,843300,465383.3333,1579.4,6029.845195,4285.988968,1800,9100,4666.666667,0.033333711,0.374438259,0.033333547,0.525560979,0.033333505,0.43761655,0.217526224,0.056910569,0.012195122,0.823529412,0.176470588,0.398214286,0.1,0.8,-0.129807692,-0.1875,-0.076923077,1,0.8,0.5,0.8,10100
http://mashable.com/2014/03/10/senate-climate-all-night-speeches/,8,923,0.471677559,304,0.999999998,0.65313653,9,5,1,2,4.702058505,9,-1,692,229.125,0,843300,191266.6667,0,5999.316667,3772.548706,4400,17400,11975,0.442745418,0.340270262,0.02229655,0.172464772,0.022222998,0.433482533,0.115039059,0.05092091,0.016251354,0.758064516,0.241935484,0.295392374,0.033333333,0.8,-0.228796296,-0.5,-0.125,0,0,0.5,0,1800
http://mashable.com/2014/03/11/senate-climate-talk-a-thon/,11,341,0.616352199,303,0.999999996,0.714893614,5,4,19,2,4.539589443,9,-1,1400,444.3533333,1700,843300,412455.5556,1533.333333,7500.609868,4316.576238,3700,9500,7000,0.131495509,0.133542717,0.022222955,0.690516041,0.022222778,0.447463768,0.166666667,0.035190616,0.026392962,0.571428571,0.428571429,0.561805556,0.166666667,1,-0.225925926,-0.5,-0.033333333,1,0.6,0.5,0.6,3400
http://mashable.com/2014/03/19/white-house-climate-data-program/,12,273,0.580392155,295,0.999999994,0.726114645,16,2,14,1,4.604395604,10,-1,712,107.995,35900,843300,516250,3352.025334,7645.610879,5442.841166,1200,25000,13100,0.320106384,0.122959878,0.020060551,0.378906222,0.157966965,0.5,0.09905303,0.032967033,0.029304029,0.529411765,0.470588235,0.383333333,0.1,0.8,-0.158854167,-0.1875,-0.15,0.414478114,0.16026936,0.085521886,0.16026936,2600
http://mashable.com/2014/03/26/climate-change-documentary-obama-interview/,10,1922,0.460255697,288,0.999999999,0.597464342,15,6,51,0,4.80541103,7,-1,483,105.1666667,0,843300,294442.8571,0,3574.24426,2199.139242,596,10600,3172,0.028574167,0.243226888,0.670571586,0.028865599,0.028761761,0.404492281,0.089429356,0.022372529,0.016129032,0.581081081,0.418918919,0.420022903,0.0625,1,-0.293789633,-0.8,-0.05,0,0,0.5,0,1100
http://mashable.com/2014/03/30/climate-change-to-lead-to-food-shortages-civil-conflicts-climate-panel-warns/,10,564,0.442238266,284,0.999999997,0.55135135,5,1,12,0,4.845744681,10,-1,712,151.5,0,843300,185700,0,4283.667506,1857.056031,23700,23700,23700,0.020008371,0.020008191,0.386210535,0.020004836,0.553768067,0.375650553,0.127664743,0.033687943,0.014184397,0.703703704,0.296296296,0.292469811,0.136363636,0.6,-0.153373016,-0.25,-0.071428571,0.4,-0.15,0.1,0.15,2700
http://mashable.com/2014/03/31/key-findings-un-climate-science-report/,9,117,0.638888883,283,0.999999983,0.779661004,4,1,2,0,4.41025641,10,-1,598,172.75,0,843300,166370,0,3894.635294,2599.923771,1900,1900,1900,0.020203429,0.020003065,0.02001807,0.119773489,0.820001947,0.4625,0.1125,0.008547009,0.008547009,0.5,0.5,0.7,0.7,0.7,-0.25,-0.25,-0.25,0.85,0.45,0.35,0.45,2500
http://mashable.com/2014/04/02/exxon-burn-oil-gas-reserves-climate/,10,335,0.576433119,281,0.999999995,0.7287234,7,3,0,0,4.913432836,9,-1,519,204,0,843300,125757.6667,0,3579.557734,1830.858083,1500,6100,4266.666667,0.022227128,0.022223765,0.799826266,0.022324443,0.133398398,0.438675214,0.036324786,0.029850746,0.017910448,0.625,0.375,0.451428571,0.1,0.7,-0.542592593,-1,-0.155555556,0.333333333,0.25,0.166666667,0.25,826
http://mashable.com/2014/04/14/un-climate-report-need-to-know/,12,151,0.736486482,269,0.99999999,0.859999991,2,2,1,0,4.417218543,4,-1,580,160.75,9700,843300,318400,2451.5,4143.06296,3364.998425,716,716,716,0.050000216,0.79976649,0.050054962,0.050178225,0.050000107,0.240564738,-0.085330579,0.01986755,0.039735099,0.333333333,0.666666667,0.145454545,0.1,0.2,-0.1875,-0.25,-0.05,0.1875,-0.125,0.3125,0.125,1100
http://mashable.com/2014/04/23/climate-visualization-us-warming/,9,185,0.65745856,260,0.999999991,0.769911498,7,6,1,1,4.816216216,5,-1,863,214.718,12700,843300,565580,2558.860943,4477.532258,3347.897075,780,45900,12621.6,0.431545148,0.240617337,0.247800042,0.040030998,0.040006475,0.396527778,0.024305556,0.010810811,0.010810811,0.5,0.5,0.375,0.25,0.5,-0.277777778,-0.4,-0.155555556,0.2,0.3,0.3,0.3,927
http://mashable.com/2014/05/05/white-house-climate-report-meterologists/,8,2889,0.303924974,247,0.999999999,0.547720797,25,1,3,0,4.178608515,6,-1,474,170.4,0,843300,322583.3333,0,4990.796923,3363.994037,2300,2300,2300,0.034042109,0.033373743,0.309172743,0.033359659,0.590051745,0.44621399,0.172947119,0.043959848,0.012114919,0.783950617,0.216049383,0.397104851,0.1,1,-0.271944444,-0.8,-0.05,0,0,0.5,0,1000
http://mashable.com/2014/05/06/charts-climate-change-alters-life/,10,174,0.589595372,247,0.999999993,0.581081077,18,2,16,0,5.637931034,7,-1,838,286.6666667,0,843300,345628.5714,0,18548.0625,6510.24064,12900,12900,12900,0.028610278,0.189875925,0.028615296,0.581016573,0.171881928,0.638888889,0.316666667,0.028735632,0.005747126,0.833333333,0.166666667,0.67,0.35,1,-0.5,-0.5,-0.5,0,0,0.5,0,2200
http://mashable.com/2014/05/06/white-house-climate-change-report/,8,466,0.425675675,246,0.999999997,0.48881789,40,4,34,0,4.969957082,10,-1,472,137.7777778,0,843300,298170,0,6486.28113,4011.620972,519,14900,7709.5,0.020000902,0.020006805,0.020013469,0.919837319,0.020141505,0.466313933,0.114594356,0.032188841,0.015021459,0.681818182,0.318181818,0.328888889,0.1,0.5,-0.262755102,-0.5,-0.1875,0.5,-0.5,0,0.5,3400
http://mashable.com/2014/05/09/white-house-climate-report/,11,683,0.496978851,243,0.999999998,0.647201945,22,3,1,2,4.773060029,10,-1,764,309.6,3000,843300,236960,1288.666667,7304.181818,2997.393876,1300,1300,1300,0.020002796,0.020003356,0.808287793,0.020415953,0.131290102,0.446544347,0.124568358,0.029282577,0.007320644,0.8,0.2,0.346363636,0.033333333,0.8,-0.235,-0.6,-0.05,0.229166667,0.125,0.270833333,0.125,1800
http://mashable.com/2014/05/12/john-oliver-climate-change-debate/,12,604,0.552587645,241,0.999999997,0.764872519,1,1,1,0,4.317880795,6,-1,924,313,1700,843300,263416.6667,1312,5091.540793,3286.575584,825,825,825,0.033338841,0.706867096,0.193035483,0.03342303,0.03333555,0.494542208,0.095920996,0.051324503,0.01986755,0.720930233,0.279069767,0.293824187,0.1,0.7,-0.267013889,-1,-0.05,0.05,0.15,0.45,0.15,547
http://mashable.com/2014/05/15/climate-change-impact/,14,989,0.442169907,238,0.999999998,0.643738976,9,5,4,1,4.62082912,7,-1,1000,283.0983333,0,843300,439542.8571,0,5571.584593,3497.228853,1300,8600,4950,0.885653368,0.028573808,0.028572224,0.028572305,0.028628295,0.460480943,0.13600489,0.037411527,0.012133468,0.755102041,0.244897959,0.346478296,0.033333333,0.8,-0.309837963,-0.625,-0.1,0.366666667,0.166666667,0.133333333,0.166666667,2500
http://mashable.com/2014/05/20/pat-sajak-climate-change/,7,672,0.38372093,233,0.999999997,0.495844874,4,4,1,1,4.18452381,8,-1,695,148.8571429,0,843300,292450,0,3584.890773,2415.673544,1500,1500,1500,0.025086754,0.025047621,0.150808437,0.025000209,0.774056979,0.467465438,0.220794931,0.02827381,0.00297619,0.904761905,0.095238095,0.435902256,0.1,1,-0.49375,-0.8,-0.1875,0,0,0.5,0,1600
http://mashable.com/2014/05/21/climate-change-expert-habits/,12,298,0.550675674,232,0.999999995,0.649484533,14,2,10,1,4.275167785,9,-1,712,247.8888889,35900,843300,418522.2222,3556.37931,8546.65,5309.98037,2000,4800,3400,0.022237433,0.142394567,0.022255626,0.790885574,0.022226799,0.554216771,0.203884079,0.063758389,0.016778523,0.791666667,0.208333333,0.391045796,0.1,0.8,-0.345,-0.6,-0.1875,0.767857143,0.392857143,0.267857143,0.392857143,8100
http://mashable.com/2014/05/29/obama-climate-change-epa-speech/,13,454,0.550111357,224,0.999999996,0.697416972,5,5,1,0,4.751101322,5,-1,758,203.25,0,843300,320700,0,3578.303885,2556.015167,1000,13300,7050,0.040013656,0.242669324,0.235941639,0.040007125,0.441368256,0.398452991,0.048170635,0.028634361,0.015418502,0.65,0.35,0.236996337,0.166666667,0.35,-0.189880952,-0.4,-0.125,0.35,0.2,0.15,0.2,1000
http://mashable.com/2014/06/03/obama-climate-china-carbon/,10,754,0.52269601,219,0.999999998,0.686192467,25,1,1,0,4.954907162,10,-1,868,266.875,0,843300,174550,0,3580.300313,1879.647334,1500,1500,1500,0.020015587,0.020001221,0.450496801,0.020000783,0.489485608,0.526818555,0.065032841,0.035809019,0.019893899,0.642857143,0.357142857,0.286922399,0.1,0.8,-0.255,-0.6,-0.05,0.72,-0.22,0.22,0.22,870
http://mashable.com/2014/06/04/ongoing-volcanic-eruptions-not-expected-to-alter-climate/,13,276,0.580882351,218,0.999999995,0.68085106,3,1,2,1,4.949275362,6,-1,971,273.3333333,1300,843300,279000,1135.5,3579.609481,2217.86838,988,988,988,0.033334683,0.033334203,0.533293058,0.033333927,0.366704129,0.308900227,0.039909297,0.018115942,0.02173913,0.454545455,0.545454545,0.334857143,0.16,0.4,-0.159259259,-0.4,-0.1,0,0,0.5,0,1100
http://mashable.com/2014/06/05/g7-new-treaty-climate-rules/,13,356,0.601139599,217,0.999999995,0.770270267,3,3,13,1,4.519662921,7,-1,569,124.5714286,17100,843300,406942.8571,2845.906103,6365.250302,4144.145329,1600,1600,1600,0.028600447,0.280629963,0.028571857,0.633625803,0.028571929,0.423960806,-0.015930038,0.036516854,0.030898876,0.541666667,0.458333333,0.266500167,0.1,0.5,-0.341666667,-0.6,-0.166666667,0.443939394,-0.015151515,0.056060606,0.015151515,949
http://mashable.com/2014/06/09/obama-frustration-climate-skeptics/,13,264,0.567567565,213,0.999999994,0.710691819,3,2,1,1,4.674242424,8,-1,480,196.375,10000,843300,287387.5,2069.339545,3578.12199,2782.830102,6800,6800,6800,0.025176653,0.025047927,0.160698199,0.025000187,0.764077035,0.486580087,0.281926407,0.064393939,0.003787879,0.944444444,0.055555556,0.354144385,0.1,1,-0.1,-0.1,-0.1,0.4,0,0.1,0,2500
http://mashable.com/2014/06/13/climate-change-women/,8,574,0.553359683,209,0.999999997,0.635170602,78,5,2,1,5.409407666,8,-1,863,325.25,715,843300,293851.875,715,8488.930481,5491.411224,3000,3500,3250,0.025273585,0.025456093,0.025000364,0.762259396,0.162010562,0.655762411,-0.352358156,0.027874564,0.059233449,0.32,0.68,0.426041667,0.166666667,0.7,-0.515808824,-1,-0.15,0.4,-0.4,0.1,0.4,1000
http://mashable.com/2014/06/15/obama-climate-change-deniers/,13,1794,0.355617977,206,0.999999999,0.566353186,42,2,9,0,4.303790412,5,-1,1100,282.2,27700,843300,370040,3267.456559,5471.338235,4155.468235,0,0,0,0.839999897,0.040000052,0.040000024,0.040000013,0.040000015,0.540807095,0.152847858,0.04960981,0.018394649,0.729508197,0.270491803,0.377867722,0.0625,1,-0.315025253,-0.7,-0.05,0.6,-0.3,0.1,0.3,6000
http://mashable.com/2014/06/18/poll-americans-favor-obama-climate-plan/,13,487,0.546972859,204,0.999999996,0.736654802,6,2,3,0,4.813141684,10,-1,450,177.1666667,0,843300,202810,0,5511.463415,2298.84846,970,16300,8635,0.020180587,0.117763621,0.119270381,0.020036944,0.722748467,0.485935065,0.091248377,0.036960986,0.020533881,0.642857143,0.357142857,0.394705387,0.1,1,-0.307142857,-0.666666667,-0.05,0,0,0.5,0,1000
http://mashable.com/2014/06/23/climate-change-tech-students/,9,307,0.573825501,199,0.999999995,0.744680847,10,7,3,2,4.785016287,6,-1,1400,273.3333333,1400,843300,395133.3333,1400,4572.719286,3258.992786,1600,9100,4780,0.366409876,0.033340556,0.033343057,0.033334336,0.533572174,0.397121212,0.154886364,0.035830619,0.009771987,0.785714286,0.214285714,0.372520661,0.136363636,0.5,-0.166666667,-0.166666667,-0.166666667,0,0,0.5,0,2600
http://mashable.com/2014/06/25/climate-change-myths/,12,826,0.3840399,197,0.999999998,0.477859778,2,2,19,0,4.750605327,7,-1,82,31.66666667,0,843300,529428.5714,0,3985.351032,2910.976535,1300,2200,1750,0.028673608,0.028578221,0.028636645,0.028573812,0.885537714,0.376031903,0.164484284,0.035108959,0.008474576,0.805555556,0.194444444,0.299986565,0.1,0.5,-0.133333333,-0.2,-0.083333333,0.427272727,0.268181818,0.072727273,0.268181818,1700
http://mashable.com/2014/07/02/nasa-oco-2-climate-carbon-satellite-launch/,14,929,0.416666666,190,0.999999998,0.559479553,10,8,2,1,4.37459634,9,-1,719,293.125,0,843300,177488.8889,0,4746.818182,2653.570599,790,5700,2611.625,0.133318987,0.180289739,0.64153323,0.0226356,0.022222443,0.461966886,0.132882583,0.040904198,0.009687836,0.808510638,0.191489362,0.404506437,0.05,1,-0.380555556,-0.666666667,-0.1,0,0,0.5,0,945
http://mashable.com/2014/07/07/dubai-climate-controlled-city/,12,1024,0.535889872,185,0.999999998,0.771004941,2,2,3,0,4.418945313,6,-1,826,267.6,0,843300,228950,0,7162.036036,3169.816882,1100,1100,1100,0.033333914,0.866481042,0.033333549,0.033517874,0.033333621,0.511150516,-0.033019314,0.02734375,0.026367188,0.509090909,0.490909091,0.34364564,0.05,1,-0.495061728,-1,-0.05,0,0,0.5,0,1100
http://mashable.com/2014/07/09/national-parks-climate-change/,6,806,0.494296577,183,0.999999998,0.667359666,2,0,4,0,4.699751861,3,-1,43,13.66666667,67700,843300,350800,2177.729394,3533.285324,2724.604016,0,0,0,0.066668203,0.066666757,0.733324186,0.066666689,0.066674165,0.43589398,-0.00818529,0.024813896,0.018610422,0.571428571,0.428571429,0.304350649,0.1,0.6,-0.394722222,-1,-0.05,0.9,-0.8,0.4,0.8,937
http://mashable.com/2014/07/23/climate-change-cork-trees/,12,399,0.547557839,169,0.999999996,0.711111108,10,3,2,1,4.86716792,8,-1,914,385.375,1300,843300,159575,1015.5,4000.865937,2403.636035,941,1200,1027.333333,0.025002007,0.150276683,0.559101359,0.025002344,0.240617607,0.517619048,-0.033571429,0.030075188,0.032581454,0.48,0.52,0.341666667,0.1,0.6,-0.336538462,-1,-0.1,0.5,0.5,0,0.5,552
http://mashable.com/2014/07/25/obama-commits-to-attending-un-climate-summit-in-new-york/,10,441,0.529137528,166,0.999999996,0.660305341,11,2,1,0,4.700680272,6,-1,604,137.4,0,843300,374233.3333,0,3518.098994,2239.077217,5700,5700,5700,0.866568135,0.033353173,0.033371264,0.033373012,0.033334416,0.554666667,0.197333333,0.036281179,0.01814059,0.666666667,0.333333333,0.4615625,0.05,1,-0.220833333,-0.5,-0.1,0,0,0.5,0,3500
http://mashable.com/2014/08/01/nasa-icecube-climate-change-cubesat/,6,175,0.686390528,160,0.999999991,0.830188671,3,1,1,0,4.64,8,-1,2400,634,0,843300,165040.75,0,6654.533333,2661.314075,625,625,625,0.025002406,0.025332843,0.122351092,0.802312017,0.025001643,0.313227513,0.123160173,0.051428571,0,1,0,0.262049062,0.1,0.5,0,0,0,0.5,0.136363636,0,0.136363636,728
http://mashable.com/2014/08/04/ants-climate-change/,15,187,0.618279567,157,0.999999992,0.693548382,1,1,5,1,4.759358289,5,-1,160,44.4,52700,843300,578680,3509.663201,8972.091463,5673.172534,3400,3400,3400,0.040000114,0.040021402,0.040107498,0.839870924,0.040000061,0.561363636,0.087337662,0.032085561,0.016042781,0.666666667,0.333333333,0.337121212,0.05,0.7,-0.266666667,-0.6,-0.05,0,-0.2,0.5,0.2,1400
http://mashable.com/2014/09/02/new-york-times-adds-climate-editor/,8,453,0.559284115,127,0.999999996,0.712765955,8,1,2,0,5.072847682,9,-1,717,110,2400,843300,245022.2222,1329.666667,3483.305109,2287.319516,905,905,905,0.323823226,0.022222287,0.609508571,0.022222283,0.022223632,0.268639456,-0.040408163,0.017660044,0.028697572,0.380952381,0.619047619,0.285714286,0.05,0.9,-0.315384615,-0.75,-0.1,0.15,-0.133333333,0.35,0.133333333,596
http://mashable.com/2014/09/05/un-climate-summit-preview/,13,626,0.480645161,124,0.999999997,0.664021162,2,2,1,0,4.932907348,7,-1,0,-1,2600,843300,154000,934.7391304,3481.677382,1785.912977,544,885,714.5,0.028571861,0.028888476,0.597392248,0.028571513,0.316575901,0.310714286,-0.0658308,0.017571885,0.03514377,0.333333333,0.666666667,0.272510823,0.033333333,0.5,-0.258712121,-1,-0.1,0.4,-0.3,0.1,0.3,1100
http://mashable.com/2014/09/10/the-ozone-layer-is-finally-recovering-but-gains-are-fragile-with-links-to-climate-scientists-say/,15,366,0.53314917,119,0.999999995,0.754999996,2,1,2,0,4.669398907,7,-1,775,324.1428571,1000,843300,227842.8571,837.5,3483.92786,2028.896291,1000,1000,1000,0.433679209,0.028573134,0.480499408,0.028572275,0.028675974,0.405255682,0.030847538,0.021857923,0.016393443,0.571428571,0.428571429,0.267424242,0.136363636,0.5,-0.277777778,-0.9,-0.075,1,0.5,0.5,0.5,726
http://mashable.com/2014/09/14/united-nations-climate-summit/,13,1021,0.466600199,115,0.999999998,0.636799999,29,5,2,2,4.794319295,7,-1,607,157.4285714,2800,843300,262814.2857,1242,3484.224714,2567.61847,996,83300,18439.2,0.028571813,0.028573416,0.729780787,0.028571564,0.184502419,0.445569986,0.203290043,0.051909892,0.014691479,0.779411765,0.220588235,0.415425141,0.1,1,-0.179761905,-0.5,-0.05,0.5,0.5,0,0.5,1000
http://mashable.com/2014/09/17/un-climate-change-summit-takepart/,10,889,0.407234539,112,0.999999998,0.540186915,25,4,12,0,4.511811024,7,-1,810,114.8571429,48000,843300,521785.7143,2542.818919,4664.133333,3469.878568,810,48000,27403.33333,0.337293231,0.0285725,0.028590606,0.02857157,0.576972092,0.460061499,0.135112176,0.03712036,0.016872891,0.6875,0.3125,0.33611603,0.0625,0.7,-0.151984127,-0.4,-0.071428571,0.65,-0.183333333,0.15,0.183333333,1900
http://mashable.com/2014/09/18/u-n-secretary-general-climate-protest-sunday/,10,437,0.527906976,111,0.999999996,0.708502021,5,2,2,0,4.681922197,4,-1,95,23,141400,843300,449825,2179.890998,4459.275956,3159.607252,1400,33100,17250,0.295843864,0.050021982,0.552990109,0.050343175,0.05080087,0.532666667,0.088,0.025171625,0.016018307,0.611111111,0.388888889,0.4,0.1,0.6,-0.314285714,-1,-0.05,0.6875,-0.0625,0.1875,0.0625,1500
http://mashable.com/2014/09/18/world-smashes-all-time-temperature-records-ahead-of-un-climate-summit/,13,901,0.441441441,111,0.999999998,0.625939848,6,3,3,1,4.776914539,8,-1,568,165.75,8100,843300,254700,1633.073171,4898.777778,3025.19205,1200,6200,4533.333333,0.025001402,0.025000707,0.899956785,0.0250005,0.025040606,0.388222072,0.181092437,0.032186459,0.004439512,0.878787879,0.121212121,0.384482759,0.1,0.85,-0.2875,-0.6,-0.05,0,0,0.5,0,1300
http://mashable.com/2014/09/19/climate-change-thought-leaders/,12,298,0.602076122,111,0.999999995,0.725388597,15,2,1,1,5.177852349,9,-1,678,239.375,0,843300,188340.6667,0,3479.478861,1741.415913,1100,2000,1550,0.022226882,0.02222339,0.911103483,0.022222956,0.022223289,0.338194444,0.106502525,0.016778523,0.010067114,0.625,0.375,0.367272727,0.136363636,0.75,-0.186111111,-0.333333333,-0.1,0,0,0.5,0,776
http://mashable.com/2014/09/19/peoples-climate-march-turning-point-global-warming/,11,235,0.535087717,110,0.999999993,0.625899276,6,5,1,0,4.225531915,8,-1,1300,328.75,2100,843300,364875,1700,4850.666667,2894.485873,48000,48000,48000,0.025053636,0.025040347,0.025006022,0.025001279,0.899898716,0.375227273,0.127443182,0.055319149,0.017021277,0.764705882,0.235294118,0.252797203,0.1,0.4,-0.184375,-0.3,-0.125,0.8,0.4,0.3,0.4,3100
http://mashable.com/2014/09/20/climate-change-photos/,8,527,0.529980657,109,0.999999997,0.666666665,26,11,21,0,4.895635674,8,-1,696,222.875,1800,843300,258887.5,1294.625,15128.68085,4111.156058,801,4100,2084.5,0.025002407,0.150156116,0.642787417,0.025000725,0.157053335,0.447927981,0.245491932,0.075901328,0.011385199,0.869565217,0.130434783,0.360676407,0.033333333,1,-0.229166667,-0.5,-0.05,0.555555556,0.411111111,0.055555556,0.411111111,2900
http://mashable.com/2014/09/21/celebrities-peoples-climate-march/,7,320,0.615873014,108,0.999999995,0.762135919,6,1,1,7,5.090625,5,-1,592,197.4,8700,843300,334140,2174.464929,3476.038194,2770.017047,3100,3100,3100,0.040006868,0.040001456,0.439701674,0.239569059,0.240720943,0.340558261,0.135323773,0.05,0.009375,0.842105263,0.157894737,0.239191017,0.1,0.7,-0.125,-0.2,-0.05,0,0,0.5,0,2000
http://mashable.com/2014/09/21/climate-change-preparation/,9,1062,0.436966824,108,0.999999998,0.649328858,1,1,4,0,4.149717514,5,-1,780,186.6,24200,843300,297800,3138.976108,6515.857143,4159.869151,1400,1400,1400,0.040000831,0.839611087,0.040000297,0.040387369,0.040000416,0.473685261,0.196168049,0.056497175,0.013182674,0.810810811,0.189189189,0.338306277,0.033333333,1,-0.162244898,-0.4,-0.05,0.54,0.16,0.04,0.16,2200
http://mashable.com/2014/09/21/people-climate-march-new-york/,12,323,0.561056104,108,0.999999995,0.644670047,11,6,1,0,4.693498452,6,-1,0,-1,53200,843300,397833.3333,2558.078562,4475.078652,3281.150235,934,2000,1578,0.209249315,0.03333423,0.033344777,0.033333381,0.690738297,0.384059343,0.192960859,0.049535604,0.009287926,0.842105263,0.157894737,0.349337121,0.1,0.5,-0.208333333,-0.291666667,-0.166666667,0.454545455,0.136363636,0.045454545,0.136363636,3400
http://mashable.com/2014/09/21/peoples-climate-march-live-blog/,9,657,0.481132075,108,0.999999997,0.63116883,19,7,1,6,4.669710807,9,-1,309,33.44444444,7700,843300,341000,2401.736842,4475.078652,3102.364748,954,7900,3730.8,0.022247087,0.022222777,0.022228199,0.022222292,0.911079646,0.529812704,0.240058408,0.077625571,0.01674277,0.822580645,0.177419355,0.420494865,0.1,1,-0.202977578,-0.5,-0.071428571,0,0,0.5,0,3100
http://mashable.com/2014/09/21/peoples-climate-march-signs-costumes/,8,411,0.565432097,108,0.999999996,0.791666663,8,5,2,0,4.832116788,9,-1,325,35.22222222,6000,843300,128200,1063.835821,3476.038194,1880.602475,1200,10900,3775,0.022222647,0.165534272,0.350455061,0.022261159,0.43952686,0.318098846,-0.065744949,0.02189781,0.02189781,0.5,0.5,0.15996633,0.033333333,0.4,-0.353395062,-0.875,-0.1,1,-0.875,0.5,0.875,800
http://mashable.com/2014/09/22/climate-march-kerry-business-leaders/,10,329,0.620795105,108,0.999999996,0.725321885,3,3,8,0,4.224924012,5,-1,430,116.6,1500,843300,293260,812,3850.630226,3019.097723,669,1100,822.3333333,0.040001476,0.501659514,0.040000674,0.378337612,0.040000724,0.416468531,0.076363636,0.021276596,0.006079027,0.777777778,0.222222222,0.238441558,0.136363636,0.5,-0.3,-0.4,-0.2,0,0,0.5,0,795
http://mashable.com/2014/09/22/climate-talks-timeline/,9,301,0.631756755,108,0.999999995,0.742424239,9,4,1,1,5.142857143,6,-1,677,200.1666667,36100,843300,526766.6667,3189.015688,7276.052632,4933.756708,36100,36100,36100,0.367174692,0.033816626,0.033334076,0.36635949,0.199315115,0.428394522,0.102730429,0.029900332,0.023255814,0.5625,0.4375,0.344781145,0.1,0.7,-0.164285714,-0.25,-0.15,0,0,0.5,0,8000
http://mashable.com/2014/09/22/flood-wall-street-climate-protest/,14,401,0.501272263,108,0.999999996,0.621739128,5,3,3,0,4.526184539,8,-1,810,209.7142857,0,843300,376162.5,0,4752,3001.529597,2600,8800,5700,0.20977768,0.025043623,0.347732059,0.025176921,0.392269717,0.49154855,0.065493064,0.044887781,0.019950125,0.692307692,0.307692308,0.280772006,0.136363636,0.5,-0.377951389,-0.6,-0.155555556,0.454545455,0.136363636,0.045454545,0.136363636,2700
http://mashable.com/2014/09/22/the-need-for-a-better-future-is-what-drew-many-climate-march-participants/,11,168,0.686746984,107,0.99999999,0.819999992,10,4,1,1,4.482142857,7,-1,2500,503,2500,843300,324042.8571,2500,3480.812217,2906.627351,3700,3700,3700,0.028573978,0.028573958,0.313667534,0.028572718,0.600611812,0.610858586,0.114090909,0.041666667,0.011904762,0.777777778,0.222222222,0.362337662,0.136363636,0.5,-0.4125,-0.7,-0.125,1,0.5,0.5,0.5,2300
http://mashable.com/2014/09/22/wall-street-climate-protest-clashes/,10,654,0.481366459,107,0.999999997,0.66240409,3,1,1,3,4.929663609,6,-1,151,24.33333333,16600,843300,215266.6667,1317.243478,5387.481481,2947.901618,0,0,0,0.033333825,0.033333483,0.67323054,0.033333412,0.22676874,0.333138528,0.073715729,0.01529052,0.01529052,0.5,0.5,0.377428571,0.16,0.8,-0.134166667,-0.25,-0.1,0.194444444,-0.127777778,0.305555556,0.127777778,944
http://mashable.com/2014/09/23/china-carbon-emissions-climate-summit/,10,384,0.56728232,107,0.999999996,0.690763049,9,3,1,3,4.971354167,10,-1,64,5.5,6000,843300,239120,987.9666667,4242.035751,2189.863501,480,2100,1101.666667,0.020088326,0.020001891,0.619912788,0.118775741,0.221221254,0.355555556,0.065740741,0.020833333,0.010416667,0.666666667,0.333333333,0.2,0.1,0.5,-0.129166667,-0.166666667,-0.1,0,0,0.5,0,666
http://mashable.com/2014/09/23/climate-summit-thought-leaders/,12,610,0.478031634,107,0.999999997,0.613079017,29,3,26,1,4.875409836,4,-1,2700,674.25,16900,843300,325975,3135.222057,7966.666667,4597.009645,783,16900,6627.666667,0.050003305,0.052878882,0.298978407,0.54813766,0.050001747,0.391955267,0.083298386,0.031147541,0.029508197,0.513513514,0.486486486,0.320306448,0.1,0.6,-0.104861111,-0.15,-0.0125,0.362626263,0.095454545,0.137373737,0.095454545,1600
http://mashable.com/2014/09/23/flood-wall-street-climate-video/,10,862,0.47613504,107,0.999999998,0.731182794,1,1,6,0,4.254060325,6,-1,402,111,0,843300,245233.3333,0,3844.022945,2576.979535,10000,10000,10000,0.033337555,0.646065142,0.033335743,0.253851732,0.033409829,0.561603191,0.163752493,0.056844548,0.025522042,0.690140845,0.309859155,0.435523235,0.0625,1,-0.307575758,-1,-0.05,0.05,-0.1,0.45,0.1,508
http://mashable.com/2014/09/23/jon-stewart-climate-change/,9,425,0.561403507,107,0.999999996,0.727272724,4,3,2,0,4.117647059,7,-1,1500,374,3200,843300,222300,1273.444444,3480.812217,2469.85104,3400,5100,4250,0.028572601,0.31405736,0.028572497,0.028572175,0.600225368,0.496919747,0.204184704,0.044705882,0.016470588,0.730769231,0.269230769,0.407706767,0.1,0.9,-0.282142857,-0.7,-0.05,0.1,0,0.4,0,2600
http://mashable.com/2014/09/23/townsville-climate-change-heads-in-sand/,12,505,0.490981963,106,0.999999997,0.656462583,12,4,5,1,4.916831683,8,-1,18600,2471,5700,843300,291125,1280.111111,37550,7256.822662,4200,56500,26433.33333,0.275324595,0.41000486,0.140418642,0.149146114,0.02510579,0.375049603,-0.013628472,0.017821782,0.021782178,0.45,0.55,0.221296296,0.033333333,0.5,-0.211616162,-0.4,-0.1,0,0,0.5,0,17100
http://mashable.com/2014/09/23/un-climate-summit-country-promises-map/,10,1251,0.420628525,106,0.999999999,0.610803323,6,5,4,0,4.570743405,5,-1,414,113.4,1100,843300,293180,798.2857143,3831.823059,2993.33831,367,1100,568.6,0.040000886,0.839598331,0.04000033,0.040400012,0.040000441,0.427688984,-0.008783713,0.018385292,0.023181455,0.442307692,0.557692308,0.324166667,0.0625,1,-0.268840259,-0.666666667,-0.05,0,0,0.5,0,828
http://mashable.com/2014/09/23/un-climate-summit-live/,14,486,0.579166665,106,0.999999997,0.770833331,9,1,1,0,5.016460905,4,-1,815,203,1600,843300,395025,1100.833333,3479.157161,2435.299227,3000,3000,3000,0.799997748,0.050000488,0.050001307,0.050000258,0.050000198,0.488184879,0.015327518,0.028806584,0.022633745,0.56,0.44,0.316883117,0.1,0.5,-0.279671717,-0.5,-0.05,0.722222222,0.166666667,0.222222222,0.166666667,1000
http://mashable.com/2014/09/24/united-nations-climate-summit-takeaways/,13,229,0.552631577,105,0.999999993,0.656934302,8,6,1,2,4.598253275,10,-1,687,292.6,8800,843300,328960,2503.199275,7672.104167,4051.222287,2300,8800,4275,0.178474764,0.020005545,0.142414661,0.426317106,0.232787924,0.497004132,0.124328512,0.048034934,0.013100437,0.785714286,0.214285714,0.280475207,0.0625,0.6,-0.116666667,-0.25,-0.05,0,0,0.5,0,2000
http://mashable.com/2014/09/25/climate-change-action/,13,437,0.582750581,105,0.999999996,0.74242424,7,1,1,2,5.022883295,9,-1,58,9.265,0,843300,314966.6667,0,5305.540166,2603.488951,11200,11200,11200,0.579049712,0.133159406,0.022268965,0.02296141,0.242560507,0.435978836,0.130579606,0.034324943,0.013729977,0.714285714,0.285714286,0.359487734,0.033333333,1,-0.315277778,-0.5,-0.1,0,0,0.5,0,1100
http://mashable.com/2014/09/27/climate-change-stats-video/,13,0,0,102,0,0,0,0,18,0,0,7,-1,1000,301.1428571,3000,843300,165785.7143,1351.8,4046.925134,2584.59867,0,0,0,0.028577009,0.028575562,0.804911722,0.028777348,0.109158359,0,0,0,0,0,0,0,0,0,0,0,0,0,0,0.5,0,3000
http://mashable.com/2014/09/27/united-nations-climate-summit-deforestation/,10,284,0.584837543,101,0.999999993,0.801324498,7,5,1,1,4.429577465,6,-1,1300,287.8333333,1300,843300,523583.3333,1300,4121.791045,2988.837003,2100,7600,4475,0.033514848,0.033370607,0.033339228,0.033519795,0.866255522,0.499978355,0.132564935,0.052816901,0.017605634,0.75,0.25,0.269090909,0.05,0.5,-0.2275,-0.5,-0.05,0.1,0.2,0.4,0.2,1600
http://mashable.com/2014/10/05/climate-change-males-japan/,5,214,0.611650482,94,0.999999992,0.743999994,4,3,1,1,4.728971963,5,-1,777,197,45900,843300,467860,2479.663945,4354.552219,3437.790274,1300,3600,2400,0.635152919,0.040003644,0.244823551,0.04001949,0.040000396,0.261111111,0.216666667,0.014018692,0,1,0,0.433333333,0.3,0.5,0,0,0,0,0,0.5,0,3200
http://mashable.com/2014/10/21/scientists-1960s-satellite-climate-data/,10,393,0.552356019,78,0.999999996,0.734513271,11,4,1,1,4.804071247,9,-1,547,240.125,0,843300,129060.7778,0,3443.120085,2043.61101,2700,8500,7050,0.226882559,0.022314664,0.356024797,0.022277912,0.372500068,0.353148148,0.090601852,0.03307888,0.005089059,0.866666667,0.133333333,0.261538462,0.1,0.8,-0.327777778,-0.5,-0.155555556,0,0,0.5,0,773
http://mashable.com/2014/10/29/australia-direct-action-climate-policy/,14,1280,0.33852459,71,0.999999999,0.463945578,5,2,9,0,4.37265625,7,-1,377,125,0,843300,321271.4286,0,3446.075532,2487.627951,3000,3000,3000,0.028615178,0.028572963,0.028582179,0.028572108,0.885657572,0.511661696,0.197593555,0.053125,0.0078125,0.871794872,0.128205128,0.351664439,0.05,1,-0.35297619,-1,-0.071428571,0.4,-0.4,0.1,0.4,2300
http://mashable.com/2014/10/29/global-groundwater-crisis-climate-change/,10,569,0.516129031,70,0.999999997,0.728395059,11,0,3,0,4.708260105,4,-1,999,249,19200,843300,259450,2168.645778,6999.75,3945.471542,0,0,0,0.050001007,0.050001076,0.79983473,0.050159848,0.050003339,0.503042978,0.152578878,0.031634446,0.017574692,0.642857143,0.357142857,0.409776335,0.136363636,1,-0.188055556,-0.5,-0.1,0,0,0.5,0,707
http://mashable.com/2014/11/02/science-has-spoken-un-climate-report-urges-end-to-fossil-fuel-emissions-by-2100/,12,266,0.632575755,66,0.999999994,0.7797619,8,3,1,0,4.894736842,6,-1,397,123.1666667,18200,843300,291783.3333,2155.936364,3437.392296,2584.208508,1100,14500,7800,0.03358504,0.033852442,0.865892683,0.033335069,0.033334767,0.357253968,0.087031746,0.037593985,0.037593985,0.5,0.5,0.459333333,0.05,1,-0.154722222,-0.5,-0.1,0.291666667,0.208333333,0.208333333,0.208333333,983
http://mashable.com/2014/11/05/republican-wins-not-climate-apocalypse/,11,104,0.774509796,63,0.999999983,0.881355917,17,2,1,0,4.634615385,8,-1,432,122.5,7100,843300,339987.5,1922.724138,8171.238372,4870.11626,1300,1300,1300,0.025001292,0.025151113,0.155841712,0.644173827,0.149832056,0.828571429,0.214285714,0.038461538,0.028846154,0.571428571,0.428571429,0.55,0.4,0.8,-0.366666667,-0.5,-0.2,0,0,0.5,0,663
http://mashable.com/2014/11/07/vasectomy-climate-change/,11,0,0,59,0,0,0,0,0,1,0,7,-1,1100,217.6557143,7400,843300,504842.8571,3428.871058,6818.1828,4930.424538,0,0,0,0.028571591,0.028581196,0.028571511,0.885704208,0.028571495,0,0,0,0,0,0,0,0,0,0,0,0,0.833333333,-0.166666667,0.333333333,0.166666667,4700
http://mashable.com/2014/11/12/senate-climate-denier-hates-new-targets/,13,236,0.607758618,56,0.999999992,0.763779522,1,1,0,1,4.516949153,5,-1,970,310.4,970,843300,226594,780,3417.645153,2121.108952,790,790,790,0.040004295,0.638924188,0.040003199,0.241066156,0.040002162,0.508333333,0.002272727,0.042372881,0.033898305,0.555555556,0.444444444,0.345,0.1,0.6,-0.425,-0.6,-0.3,0.727272727,0.068181818,0.227272727,0.068181818,875
http://mashable.com/2014/11/12/u-s-china-climate-commitments/,9,1023,0.403369673,55,0.999999998,0.636363635,8,1,1,1,4.342130987,5,-1,1500,570.8,7400,843300,340820,3088.888889,3885.074627,3424.615859,2800,2800,2800,0.839999412,0.04000025,0.040000124,0.040000122,0.040000091,0.543754509,0.130505952,0.055718475,0.019550342,0.74025974,0.25974026,0.353091061,0.1,1,-0.437708333,-1,-0.05,0,0,0.5,0,5500
http://mashable.com/2014/11/12/us-china-climate-goals/,11,336,0.585585584,55,0.999999995,0.694063924,5,2,11,0,5.06547619,7,-1,472,66.57142857,37000,843300,328200,2883.6,7104.588714,4619.8027,11200,11200,11200,0.028576575,0.028588006,0.028625337,0.885610509,0.028599573,0.649479167,0.28125,0.032738095,0.008928571,0.785714286,0.214285714,0.590909091,0.166666667,1,-0.69047619,-1,-0.071428571,0,0,0.5,0,6300
http://mashable.com/2014/11/14/obama-climate-change-funding/,9,157,0.645161286,52,0.999999989,0.795454536,4,2,1,0,3.936305732,7,-1,715,256.4285714,3300,843300,277300,1799,3915.625,2994.629832,645,13900,7272.5,0.028572931,0.029224941,0.170728778,0.59415163,0.17732172,0.395277778,0.199444444,0.025477707,0.01910828,0.571428571,0.428571429,0.5625,0.35,1,-0.101851852,-0.155555556,-0.05,0,0,0.5,0,769
http://mashable.com/2014/11/15/obama-ban-ki-moon-climate-g20/,12,328,0.564263321,52,0.999999994,0.758426962,1,0,0,2,4.268292683,10,-1,711,172,0,843300,291790,0,5764.60674,2537.015658,0,0,0,0.020003262,0.551937355,0.189515845,0.218343944,0.020199593,0.469351482,0.066670829,0.039634146,0.021341463,0.65,0.35,0.26988012,0.1,0.5,-0.325,-0.5,-0.125,1,-0.5,0.5,0.5,883
http://mashable.com/2014/11/25/climate-101-global-warming/,9,0,0,43,0,0,0,0,28,0,0,8,-1,472,66.57142857,0,843300,364237.5,0,5777.591642,3560.76432,0,0,0,0.025006089,0.025313523,0.205404948,0.719252975,0.025022466,0,0,0,0,0,0,0,0,0,0,0,0,0.233333333,-0.25,0.266666667,0.25,1900
http://mashable.com/2014/11/25/climate-session-media-summit/,11,632,0.580542264,43,0.999999997,0.79473684,3,2,2,0,4.685126582,4,-1,0,-1,0,843300,556025,0,4350.893249,2727.018747,4900,48700,26800,0.799990398,0.050003968,0.050001988,0.050002143,0.050001502,0.57022126,0.242571348,0.060126582,0.012658228,0.826086957,0.173913043,0.390759285,0.1,1,-0.2375,-0.6,-0.05,0,0,0.5,0,663
http://mashable.com/2014/12/01/peru-climate-talks/,8,388,0.539062499,37,0.999999996,0.605734765,4,2,13,0,5.041237113,6,-1,97,15.33333333,205600,843300,487333.3333,2479.176802,5792.384877,4006.482412,1600,2000,1800,0.033334635,0.03476001,0.199768301,0.698797966,0.033339088,0.505439184,0.123160173,0.048969072,0.010309278,0.826086957,0.173913043,0.270682388,0.1,0.5,-0.2375,-0.4,-0.125,0,0,0.5,0,808
http://mashable.com/2014/12/02/bank-of-england-carbon-bubble-climate/,12,269,0.631178705,36,0.999999994,0.775147924,3,1,1,1,4.788104089,5,-1,459,106.6,2600,843300,256360,1129,3409.129237,2145.360582,493,493,493,0.040000551,0.040000143,0.839997076,0.040000069,0.040002162,0.254761905,-0.034126984,0.007434944,0.011152416,0.4,0.6,0.175,0.1,0.25,-0.275925926,-0.388888889,-0.05,0.45,0.45,0.05,0.45,713
http://mashable.com/2014/12/04/maryland-smith-island-climate-change/,13,0,0,33,0,0,0,0,1,1,0,6,-1,1000,237.4316667,25500,843300,601716.6667,3405.697196,6993.205177,5760.957538,0,0,0,0.035720989,0.033347086,0.033333526,0.864264966,0.033333434,0,0,0,0,0,0,0,0,0,0,0,0,0,0,0.5,0,5400
http://mashable.com/2014/12/04/yeb-sano-climate-talks-typhoon/,13,295,0.609589039,32,0.999999994,0.836477982,3,1,1,1,4.477966102,6,-1,325,107.6666667,0,843300,173383.3333,0,3404.918489,1399.876077,1600,1600,1600,0.033343797,0.033448282,0.198739212,0.033402047,0.701066662,0.50654321,0.119814815,0.06440678,0.010169492,0.863636364,0.136363636,0.284210526,0.033333333,0.666666667,-0.466666667,-0.7,-0.2,0.33,0.18,0.17,0.18,1200
http://mashable.com/2014/12/11/kerry-peru-climate-summit/,11,0,0,26,0,0,0,0,0,1,0,10,-1,873,292,2600,843300,176950,1375.666667,6808.222222,2716.602866,0,0,0,0.020001348,0.020001574,0.726257897,0.119847756,0.113891426,0,0,0,0,0,0,0,0,0,0,0,0,0.727272727,0.068181818,0.227272727,0.068181818,75500
http://mashable.com/2014/12/12/lima-climate-summit/,11,799,0.478709677,24,0.999999998,0.664556961,4,1,2,0,4.883604506,6,-1,522,207.2,0,843300,268150,0,3401.525369,1701.694377,1300,1300,1300,0.033337692,0.033337978,0.534672853,0.365313871,0.033337606,0.26239418,0.016772487,0.020025031,0.026282854,0.432432432,0.567567568,0.285,0.05,0.7,-0.168121693,-0.4,-0.1,0,0,0.5,0,1100
http://mashable.com/2014/12/13/un-climate-talks-peru-deadlocked/,13,165,0.570552144,23,0.999999992,0.554621844,13,4,12,2,5.16969697,8,-1,426,113.1428571,0,843300,546937.5,0,6211.850794,4283.116016,3600,11600,7600,0.025177511,0.02508789,0.025044247,0.899684551,0.025005801,0.601785714,0.292633929,0.03030303,0.018181818,0.625,0.375,0.56,0.3,1,-0.15297619,-0.2,-0.071428571,0.5,0.25,0,0.25,5800
http://mashable.com/2014/12/14/u-n-climate-talks-peru/,14,176,0.726190472,23,0.999999991,0.844827579,5,1,1,0,4.806818182,5,-1,84,20.25,0,843300,512040,0,5857.797688,3670.971321,1300,1300,1300,0.040003128,0.040023998,0.040001884,0.839969551,0.040001438,0.475833333,0.113229167,0.022727273,0.011363636,0.666666667,0.333333333,0.273333333,0.1,0.5,-0.24375,-0.3,-0.1875,0,0,0.5,0,685
http://mashable.com/2014/12/17/glacial-melt-climate-change/,8,146,0.73571428,20,0.999999988,0.855421676,5,1,1,6,4.47260274,5,-1,1300,381.8,1300,843300,223160,1300,4579.375,3363.395255,798,798,798,0.631400937,0.247674106,0.040080483,0.040092561,0.040751913,0.424074074,0.181481481,0.02739726,0.01369863,0.666666667,0.333333333,0.55,0.2,0.8,-0.283333333,-0.4,-0.166666667,0,0,0.5,0,773
http://mashable.com/2014/12/25/2014-climate-weather-events-photos/,13,311,0.611842103,10,0.999999995,0.734374996,12,2,1,0,5.209003215,6,-1,151,24.33333333,23100,843300,336950,1937.77381,3386.493489,2497.669001,670,1800,1235,0.03333371,0.033333394,0.866663261,0.03333341,0.033336224,0.302350427,0.002777778,0.006430868,0.019292605,0.25,0.75,0.425,0.35,0.5,-0.176388889,-0.4,-0.1,0,0,0.5,0,2000
